university,course,course (original name),year of syllabus,authors,title,edition (if available),editorial,year,language
UCSM,anatomy,Anatomia II,2021,Hollinshead,Tratado de Anatomía Humana,3,,1989,spanish
UCSM,anatomy,Anatomia II,2021,Calderón & Vargas,Disección y Reconocimiento Anatómico,,UCSM,2015,spanish
UCSM,anatomy,Anatomia II,2021,Snell,Neuroanatomía Clínica: Edición Revisada,7,Wolters Kluger,2014,spanish
UCSM,anatomy,Anatomia II,2021,Rouviére,Compendio de anatomía y disección ,,Elsevier,,spanish
UCSM,anatomy,Anatomia II,2021,Moore et al.,Anatomía con orientación clínica ,,Panamericana,,spanish
UCSM,physiology,Fisiologia I,2021,Barrett et al.,Gannong. Fisiología Médica,,El Manual Moderno,2015,spanish
UCSM,physiology,Fisiologia I,2021,Hall ,Guyton y Hall. Tratado de Fisiología Médica,,Latinoamericana,2013,spanish
UCSM,physiology,Fisiologia I,2021,Raff-Levitzky ,Fisiología Médica,,Mc Graw Hill,2011,spanish
UCSM,physiology,Fisiologia I,2021,Costanzo,Fisiología,4,Mc Graw Hill,2011,spanish
UCSM,physiology,Fisiologia I,2021,Tresguerres et al.,Fisiología Humana,,Mc Graw Hill,2013,spanish
UCSM,microbiology,Microbiologia,2021,Murray et al.,Microbiología médica,8,Elsevier,,spanish
UCSM,microbiology,Microbiologia,2021,NA,NA,,NA,NA,NA
UCSM,microbiology,Microbiologia,2021,NA,NA,,NA,NA,NA
UCSM,microbiology,Microbiologia,2021,NA,NA,,NA,NA,NA
UCSM,microbiology,Microbiologia,2021,NA,NA,,NA,NA,NA
UCSM,pathology,Patologia I,2021,Kumar et al.,Patología Estructural y Funcional,9,Elsevier,2015,spanish
UCSM,pathology,Patologia I,2021,Rubin & Reisner,Principios de Patología,7,Volters Kluwer,2019,spanish
UCSM,pathology,Patologia I,2021,NA,NA,,NA,NA,NA
UCSM,pathology,Patologia I,2021,NA,NA,,NA,NA,NA
UCSM,pathology,Patologia I,2021,NA,NA,,NA,NA,NA
UCSM,medicine,Medicina I,2021,,,6,Lippincott,2000,
UCSM,medicine,Medicina I,2021,Wilson,Diagnóstico y tratamiento de enfermedades infecciosas,,Manual Moderno,2002,spanish
UCSM,medicine,Medicina I,2021,Velez et al.,Enfermedades Infecciosas,6,CIB,2003,spanish
UCSM,medicine,Medicina I,2021,Andrews,Dermatología clínica,1,Marban,2004,spanish
UCSM,medicine,Medicina I,2021,Falabella et al.,Dermatología,6,CIB,2002,spanish
UCSM,surgery,Cirugía I,2021,Townsend et al.,Sabiston. Tratado de Patología Quirúrgica,20,Elsevier,2018,spanish
UCSM,surgery,Cirugía I,2021,Torres,Tratado de Cirugía. 4ta. Edición. ,4,Interamericana,2000,spanish
UCSM,surgery,Cirugía I,2021,Michans et al.,Patología Quirúrgica,5,El Ateneo,2016,spanish
UCSM,surgery,Cirugía I,2021,Miller,Anestesia,8,Elsevier,2016,spanish
UCSM,surgery,Cirugía I,2021,NA,NA,,NA,NA,NA
UCSM,pediatrics,Pediatría I,2021,Kliegman et al.,Nelson. Tratado de pediatría,20,Elsevier,2016,spanish
UCSM,pediatrics,Pediatría I,2021,Paris et al.,Meneghello. Pediatría,6,Panamericana,2013,spanish
UCSM,pediatrics,Pediatría I,2021,Marcdante & Kliegman,Nelson. Pediatría esencial,7,Elsevier,2015,spanish
UCSM,pediatrics,Pediatría I,2021,Tapia & González,Neonatología,4,Mediterráneo,2018,spanish
UCSM,pediatrics,Pediatría I,2021,MacDonald & Seshia,Avery. Neonatología,7,Wolters-Kluwer,2017,spanish
UCSM,ginecology,Ginecología,2020,Berek,Berek y Novak. Ginecología,16,Wolters Kluwer,2020,spanish
UCSM,ginecology,Ginecología,2020,Sánchez,Ginecología,4,,2019,spanish
UCSM,ginecology,Ginecología,2020,Hoffman et al.,Williams Ginecología,3,,2017,spanish
UCSM,ginecology,Ginecología,2020,Cuello et al.,Ginecología general y salud de la mujer,1,UCCH,2017,spanish
UCSM,ginecology,Ginecología,2020,,Obstetricia y Ginecología,,Interamericana,2018,spanish
UNMSM,anatomy,Anatomía Humana,2019,Cael,Anatomía Funcional,,Panamericana,2012,spanish
UNMSM,anatomy,Anatomía Humana,2019,Casas,Anatomía Humana: Enfoque objetivo,,CONCYTEC/FONDECYT,2014,spanish
UNMSM,anatomy,Anatomía Humana,2019,Drake et al.,Gray: Anatomía Humana para estudiantes,,Elsevier,2005,spanish
UNMSM,anatomy,Anatomía Humana,2019,García-Porrero & Hurlé,Neuroanatomía Humana,,Panamericana,2014,spanish
UNMSM,anatomy,Anatomía Humana,2019,Gutiérrez et al.,Fundamentos de Medicina: Radiología e imágenes diagnósticas,2,Corporación para Investigaciones Biológicas,2006,spanish
UNMSM,physiology,Fisiología,2019,Barret et al.,Ganong Fisiología Médica,25,Mc Graw Hill,2016,
UNMSM,physiology,Fisiología,2019,Hall ,Guyton y Hall. Tratado de fisiología médica;,13,Elsevier,2016,
UNMSM,physiology,Fisiología,2019,Best & Taylor,Bases Fisiológicas de la Práctica Médica,14,Panamericana,2010,
UNMSM,physiology,Fisiología,2019,Mezquita,Fisiología Médica. Del razonamiento fisiológico al razonamiento clínico. ,,Panamericana,2011,
UNMSM,physiology,Fisiología,2019,Stuart,Fisiología Humana,14,Mc Graw Hill,2016,
UNMSM,microbiology,Microbiologia y Parasitologia,2019,Davis et al.,Tratado de Microbiología,4,Masson,1996,
UNMSM,microbiology,Microbiologia y Parasitologia,2019,Díaz et al.,Microbiología de las Infecciones Humanas,,Corporación para Investigaciones Biológicas,2008,
UNMSM,microbiology,Microbiologia y Parasitologia,2019,Garcia,Microbiología Médica Básica,1,Mosby Doyma,1996,
UNMSM,microbiology,Microbiologia y Parasitologia,2019,"Jawetz E, Melnick JL, Adelberg EA, Brooks GF. .",Microbiología Médica,26,McGraw-Hill,2014,
UNMSM,microbiology,Microbiologia y Parasitologia,2019,"Koneman, E. W. y Col.",Color Atlas And Textbook of Diagnostic Microbiology,6,Lippincott,2006,
UNMSM,pathology,Patologia General 2,2018,Kumar et al.,Robbins y Cotran. Patología estructural y funcional,9,Elsevier,2015,
UNMSM,pathology,Patologia General 2,2018,Rubin & Strayer,Rubin 's Pathology,6,,2012,
UNMSM,pathology,Patologia General 2,2018,Rubin & Strayer,Patología,6,Walters Klwer,2012,
UNMSM,pathology,Patologia General 2,2018,Kumar et al.,Robbins & Cotran Pathologic Basis of Disease,9,Elsevier,2015,
UNMSM,pathology,Patologia General 2,2018,Rosai & Ackerman,Patología Quirúrgica,10,AMOLCA,2013,
UNMSM,medicine,Medicina Interna (PATOLOGÍA DE EMERGENCIAS),2018,Braen,Manual de Medicina de Urgencias,6,LWW,2012,
UNMSM,medicine,Medicina Interna (NEUMOLOGIA),2018,Frafer Y Pare,Diagnostico y Terapéutica en Neumología,,,,
UNMSM,medicine,Medicina Interna (CARDIOLOGIA),2018,Levine ,Cardiology Secrets,4,,2014,
UNMSM,medicine,Medicina Interna (NEUROLOGIA),2018,Schapira et al.,Neurology and Clinical Neuroscience,,Mosby,2007,
UNMSM,medicine,Medicina Interna (GASTROENTEROLOGIA),2018,Goldman & Schafer,Tratado de Medicina Interna,24,Elsevier,2013,
UNMSM,surgery,Cirugía,2019,,Texto Oficial de Cirugía General,,UNMSM,,
UNMSM,surgery,Cirugía,2019,Sabiston ,Patología Quirúrgica,8,Interamericana,2006,
UNMSM,surgery,Cirugía,2019,Shwartz,Principios de Cirugía,8,Interamericana,2006,
UNMSM,surgery,Cirugía,2019,Tamames,Cirugía del Aparato Digestivo,,,2000,
UNMSM,surgery,Cirugía,2019,Torres,Texto de Cirugía,,NA,2000,
UNMSM,pediatrics,Pediatria,2019,Avery et al.,Neonatología. Fisiopatología y manejo del recién nacido,5,Panamericana,2001,spanish
UNMSM,pediatrics,Pediatria,2019,Hay et al.,Diagnóstico y Tratamiento Pediátricos,22,McGraw-Hill,2010,spanish
UNMSM,pediatrics,Pediatría,2019,Kliegman et al.,Nelson. Tratado de Pediatría,19,Elsevier,2013,spanish
UNMSM,pediatrics,Pediatría,2019,McInerny et al.,Tratado de Pediatría,,Panamericana,2011,spanish
UNMSM,pediatrics,Pediatría,2019,Paris et al.,Menenghello. Pediatría,6,Panamericana,2013,spanish
UNMSM,ginecology,Ginecologia,2019,Schorge et al.,Williams. Ginecología,2,McGraw-Hill,2012,spanish
UNMSM,ginecology,Ginecologia,2019,Berek,Berek y Novak. Ginecología,15,Wolters Kluwer,2013,spanish
UNMSM,ginecology,Ginecologia,2019,DeCherney et al.,Diagnóstico y Tratamiento Ginecoobstétricos,11,McGraw-Hill,2013,spanish
UNMSM,ginecology,Ginecologia,2019,Sordia et al.,Ginecología. Casos Clínicos,1,Manual Moderno,2014,spanish
UNMSM,ginecology,Ginecologia,2019,Walters & Moredich,Notas de Ginecología y Obstetricia,2,McGraw-Hill,2012,spanish
UPCH,anatomy,"Anatomia y anatomia radiológica de cabeza, cuello, extremidades y sistema nervioso",web (2021),Fetlen et al.,Netter. Atlas de neurociencia,3,,2019,spanish
UPCH,anatomy,"Anatomia y anatomia radiológica de cabeza, cuello, extremidades y sistema nervioso",web (2021),Mettler,Essentials of radiology,,,2019,english
UPCH,anatomy,"Anatomia y anatomia radiológica de cabeza, cuello, extremidades y sistema nervioso",web (2021),Spratt et al.,Weir y Abrahams. Atlas de anatomía humana por técnicas de imagen,6,,2017,spanish
UPCH,anatomy,"Anatomia y anatomia radiológica de cabeza, cuello, extremidades y sistema nervioso",web (2021),NA,NA,,NA,NA,NA
UPCH,anatomy,"Anatomia y anatomia radiológica de cabeza, cuello, extremidades y sistema nervioso",web (2021),NA,NA,,NA,NA,NA
UPCH,physiology,,,,,,,,
UPCH,physiology,,,,,,,,
UPCH,physiology,,,,,,,,
UPCH,physiology,,,,,,,,
UPCH,physiology,,,,,,,,
UPCH,microbiology,,,,,,,,
UPCH,microbiology,,,,,,,,
UPCH,microbiology,,,,,,,,
UPCH,microbiology,,,,,,,,
UPCH,microbiology,,,,,,,,
UPCH,pathology,,,,,,,,
UPCH,pathology,,,,,,,,
UPCH,pathology,,,,,,,,
UPCH,pathology,,,,,,,,
UPCH,pathology,,,,,,,,
UPCH,medicine,Clínica Médica II,web (2021),Schwarts et al.,Schwarts principles of surgery,,,,english
UPCH,medicine,Clínica Médica II,,NA,NA,NA,NA,NA,NA
UPCH,medicine,Clínica Médica II,,NA,NA,NA,NA,NA,NA
UPCH,medicine,Clínica Médica II,,NA,NA,NA,NA,NA,NA
UPCH,medicine,Clínica Médica II,,NA,NA,NA,NA,NA,NA
UPCH,surgery,Clínica Quirúrgica II,web (2021),Schwarts et al.,Schwarts principles of surgery,,,,english
UPCH,surgery,Clínica Quirúrgica II,web (2021),NA,NA,NA,NA,NA,NA
UPCH,surgery,Clínica Quirúrgica II,web (2021),NA,NA,NA,NA,NA,NA
UPCH,surgery,Clínica Quirúrgica II,web (2021),NA,NA,NA,NA,NA,NA
UPCH,surgery,Clínica Quirúrgica II,web (2021),NA,NA,NA,NA,NA,NA
UPCH,pediatrics,,,,,,,,
UPCH,pediatrics,,,,,,,,
UPCH,pediatrics,,,,,,,,
UPCH,pediatrics,,,,,,,,
UPCH,pediatrics,,,,,,,,
UPCH,ginecology,"Ginecologia, Obstetricia y Salud Reproductiva",web (2021),Cunningham et al.,Williams Obstetrics,,,2018,english
UPCH,ginecology,"Ginecologia, Obstetricia y Salud Reproductiva",web (2021),NA,NA,,NA,NA,NA
UPCH,ginecology,"Ginecologia, Obstetricia y Salud Reproductiva",web (2021),NA,NA,,NA,NA,NA
UPCH,ginecology,"Ginecologia, Obstetricia y Salud Reproductiva",web (2021),NA,NA,,NA,NA,NA
UPCH,ginecology,"Ginecologia, Obstetricia y Salud Reproductiva",web (2021),NA,NA,,NA,NA,NA
UNFV,anatomy,Anatomia Humana,2019,Latarjet & Ruiz,Anatomía Humana,4,Panamericana,2004,spanish
UNFV,anatomy,Anatomia Humana,2019,Lockhart et al.,Anatomía Humana,5,Interamericana,1997,spanish
UNFV,anatomy,Anatomia Humana,2019,Moore et al.,Anatomía con Orientación Clínica,5,Panamericana,1993,spanish
UNFV,anatomy,Anatomia Humana,2019,Rouvière & Delmas,"Anatomía Humana. Descriptiva, topográfica y Funcional",10,Masson,1999,spanish
UNFV,anatomy,Anatomia Humana,2019,Testut & Latarjet,Tratado de Anatomía Humana,9,Salvat Editores,1979,spanish
UNFV,physiology,Fisiologia,2019,Gannong ,Manual de Fisiología Médica,,Manual Moderno,2015,spanish
UNFV,physiology,Fisiologia,2019,Guyton,Tratado de Fisiología Médica,,Interamericana,2015,spanish
UNFV,physiology,Fisiologia,2019,Velásquez,Fisiología de la Sangre y del Sistema inmune,,UNMSM,1997,spanish
UNFV,physiology,Fisiologia,2019,Vander-Sherman-Luciano,Fisiología Médica,,McGraw Hill,2015,spanish
UNFV,physiology,Fisiologia,2019,Vender,Fisiología Renal ,,,2015,spanish
UNFV,microbiology,Microbiología,2019,Jawetz et al.,Microbiología Médica,25,McGraw Hill,2010,spanish
UNFV,microbiology,Microbiología,2019,Koneman,Diagnóstico Microbiológico ,,Panamericana,2006,spanish
UNFV,microbiology,Microbiología,2019,Murray et al.,Manual of Clinical Microbiology ,,ASM Press,2006,english
UNFV,microbiology,Microbiología,2019,Duvelco,Virology,,Panamericana,1992,english
UNFV,microbiology,Microbiología,2019,Abbas,Inmunología Básica,4,Librerías Fleming,2014,spanish
UNFV,pathology,Patologia General,2019,,Texto oficial del curso para Patología General y Especial,,,,spanish
UNFV,pathology,Patologia General,2019,Kumar et al.,Patología Humana,8,McGraw-Hill,2016,spanish
UNFV,pathology,Patologia General,2019,Ramzi et al.,"Patología Estructural y Funcional. Sexta Edición, ",6,McGraw-Hill,2009,spanish
UNFV,pathology,Patologia General,2019,Stevens,Texto y atlas de Anatomía Patológica,,Mosby,2016,spanish
UNFV,pathology,Patologia General,2019,Milikowsk,Atlas de Histopatología,,,,spanish
UNFV,medicine,Medicina I,2019,Allen,Enfermedades Cardiovasculares Periféricas...,,,2014,spanish
UNFV,medicine,Medicina I,2019,Carral,Semiología Cardiovascular.,,,2014,spanish
UNFV,medicine,Medicina I,2019,Beeson & McDermott,Cecil-Loeb. Tratado de Medicina Interna.,,,2016,spanish
UNFV,medicine,Medicina I,2019,Mazzei & Rozman,Semiología y Fisiopatología.,,,2016,spanish
UNFV,medicine,Medicina I,2019,Estevan,Arteriopatias Periféricas,,,2016,spanish
UNFV,surgery,Cirugía I (CIRUGIA GENERAL),2019,Schwartz,Principios de Cirugía,10,McGraw-Hill,2015,spanish
UNFV,surgery,Cirugía I (TRAUMATOLOGÍA Y ORTOPEDIA),2019,Compere et al.,Fracturas: atlas y tratamiento,,Interamericana,1996,spanish
UNFV,surgery,Cirugía I (CURSO DE TÉCNICA QUIRÚRGICA ),2019,Christmann et al.,Técnica Quirúrgica,,,,spanish
UNFV,surgery,Cirugía I (CURSO DE CIRUGIA PLASTICA Y QUEMADOS),2019,Torres,Tratado de Cirugía,,Interamericana,1986,spanish
UNFV,surgery,Cirugía I (CURSO DE ANESTESIOLOGIA),2019,Adriani,Técnica de anestesia,,,,spanish
UNFV,pediatrics,Pediatría,2019,Behrman et al.,Tratado de Pediatría,20,,2016,spanish
UNFV,pediatrics,Pediatría,2019,AAP & CDC,Inmunizaciones 2016,,Pediatrics,2016,spanish
UNFV,pediatrics,Pediatría,2019,Ministerio de Salud-Perú ,"Guía de Práctica Clínica sobre el diagnóstico, tratamiento y prevención de la bronquiolitis en el niño menor de 2 años de edad",,,2013,spanish
UNFV,pediatrics,Pediatría,2019,Meneghello,Pediatría,6,Editorial Médica Panamericana,2013,spanish
UNFV,pediatrics,Pediatría,2019,Nice,Intravenous fluid therapy in children and young people in hospital. Guideline,,,2015,english
UNFV,ginecology,Obstetricia y Ginecologia,2019,Bant & Motta,Escuchando a las Mujeres de San Martin y Ucayali: género y salud reproductiva,,Ed. S/E,2010,spanish
UNFV,ginecology,Obstetricia y Ginecologia,2019,Bonilla-Musoles,"Obstetricia, Reproduccion y Ginecologia Basicas",1,,2011,spanish
UNFV,ginecology,Obstetricia y Ginecologia,2019,Benson et al.,Manual de Obstetricia y Ginecología,10,,2010,spanish
UNFV,ginecology,Obstetricia y Ginecologia,2019,Berek & Jonathan,Ginecología Oncologica Practica,4,Mc Graw-Hill,2010,spanish
UNFV,ginecology,Obstetricia y Ginecologia,2019,Beischer,Obstetricia y Neonatología,3,,2010,spanish
UC,anatomy,Anatomía 1,2021,Netter,Atlas de anatomía humana,6,Elsevier,2018,spanish
UC,anatomy,Anatomía 1,2021,Testut & Latarjet,Compendio de Anatomía Descriptiva,1,Elsevier,2007,spanish
UC,anatomy,Anatomía 1,2021,Tórtora & Derrickson,Principios de Anatomía y Fisiología,13,Panamericana,2013,spanish
UC,anatomy,Anatomía 1,2021,Moore et al.,Anatomía con orientación clínica,7,Lippincott Williams & Wilkins,2013,spanish
UC,anatomy,Anatomía 1,2021,García-Porrero & Hurlé,Anatomía Humana,1,McGraw-Hill - Interamericana,2005,spanish
UC,physiology,Fisiología 2,2021,Ganong,Ganong. Fisiología médica,25,McGraw-Hill,2016,spanish
UC,physiology,Fisiología 2,2021,Hall,Guyton y Hall. Tratado de Fisiología Médica,12,Interamericana,2011,spanish
UC,physiology,Fisiología 2,2021,Stuart ,Fisiología Humana,7,McGraw-Hill,2003,spanish
UC,physiology,Fisiología 2,2021,Velásquez,Fisiología de la Sangre y del Sistema Inmunológico,,,1999,spanish
UC,physiology,Fisiología 2,2021,Lionel,The Heart Physiology from Cell to Circulation,,Lippincot- Raven,1998,english
UC,microbiology,Microbiología y Parasitología,2021,Rosa & Prieto,Microbiología en ciencias de la salud,3,Elsevier,2011,spanish
UC,microbiology,Microbiología y Parasitología,2021,Becerril,Parasitología médica,4,McGraw- Hill,2014,spanish
UC,microbiology,Microbiología y Parasitología,2021,Romero,Microbiología y parasitología humana,4,Panamericana,2018,spanish
UC,microbiology,Microbiología y Parasitología,2021,Tórtora et al.,Introducción a la microbiología,12,Panamericana,2017,spanish
UC,microbiology,Microbiología y Parasitología,2021,NA,NA,,NA,NA,NA
UC,pathology,Patología General,2021,Kumar et al.,Robbins basic pathologhy,10,Elsevier,2017,english
UC,pathology,Patología General,2021,Balcells et al.,"La clínica y el laboratorio: interpretación de análisis y pruebas funcionales, exploración de los síndromes, cuadro biológico de las enfermedades (10.a ed.). .",,Elsevier,2019,spanish
UC,pathology,Patología General,2021,Buja & Krueger,Anatomía patológica. ,,Elsevier,2006,spanish
UC,pathology,Patología General,2021,Klatt et al.,Robbins and cotran: atlas of pathology,3,Elsevier,2010,english
UC,pathology,Patología General,2021,Mohan,Patología: resumen y preguntas de autoevaluación,3,Panamericana,2012,spanish
UC,medicine,Clínica Médica 1,2021,Graham et al.,Macleod exploración clínica,13,Elsevier,2014,spanish
UC,medicine,Clínica Médica 1,2021,Suros et al.,Semiología Médica y Técnica Exploratoria,8,Elsevier,2001,spanish
UC,medicine,Clínica Médica 1,2021,Argente & Alvarez,"Semiología Médica. Fisiopatología, Semiotecnica y Propedéutica",2,Panamericana,2013,spanish
UC,medicine,Clínica Médica 1,2021,Bickley & Szilagyi,Bates Guía de Exploración Física e Historia Clínica,12,,2018,spanish
UC,medicine,Clínica Médica 1,2021,NA,NA,,NA,NA,NA
UC,surgery,Clínica Quirúrgica 2,2021,Galindo et. al.,Enciclopedia de Cirugía Digestiva,1,Sociedad Argentina de Cirugía Digestiva,2008,spanish
UC,surgery,Clínica Quirúrgica 2,2021,Townsend,Sabiston. Tratado de Cirugía,19,Elsevier,2012,spanish
UC,surgery,Clínica Quirúrgica 2,2021,Brunicardi,Schwartz. Principios de Cirugía,9,Mc Graw Hill-Interamericna.,2015,spanish
UC,surgery,Clínica Quirúrgica 2,2021,Yeo,Cirugía del Tracto Alimentario de Shackelford,7,Amolca,2016,spanish
UC,surgery,Clínica Quirúrgica 2,2021,Leonher et al.,Trauma abdominal cerrado y penetrante con lesión a órganos abdominales,,Revista Latinoamericana de Cirugía,2013,spanish
UC,pediatrics,Pediatría 1,2021,Ávila et al.,"Características epidemiológicas de la mortalidad neonatal en el Perú, 2011-2012",,Revista Peruana de Medicina Experimental y Salud Pública,2015,spanish
UC,pediatrics,Pediatría 1,2021,Neu et al.,Torch Infections,,Clinics In Perinatology,2015,english
UC,pediatrics,Pediatría 1,2021,Tian et al.,"Congenital Infections Part I: Cytomegalovirus,Toxoplasma, Rubella and Herpes Simplex",,NeoReviews,2010,english
UC,pediatrics,Pediatría 1,2021,Satti & Weitkamp,"Congenital Infections Part II: Parvovirus, Listeria, Tuberculosis, Syphilis, and Varicella",,,2010,english
UC,pediatrics,Pediatría 1,2021,Shet A. ,Congenital and Perinatal Infections: Throwing New Light with an Old Torch,,Indian Journal Of Pediatrics,2011,english
UC,ginecology,Ginecología,2021,Berek & Novak,Ginecología,15,Lippincott Williams & Wilkins,2012,spanish
UC,ginecology,Ginecología,2021,Castaño,Ginecología de Gori,3,Panamericana,2016,spanish
UC,ginecology,Ginecología,2021,Sego & Cabero,"Tratado de Ginecología, Obstetricia Medicina de la Reproducción",,Elsevier,2012,spanish
UC,ginecology,Ginecología,2021,Cabero,Tratado de Ginecología y Obstetricia. Ginecología y Medicina de la reproducción. SEGO,2,Panamericana,2012,spanish
UC,ginecology,Ginecología,2021,Pacheco,Ginecología y Obstetricia,,MAD Corp,2005,spanish
UPAO,anatomy,Anatomía,2021,Gray,Anatomía para estudiantes,,,2010,spanish
UPAO,anatomy,Anatomía,2021,Snell,Anatomía clínica para estudiantes de medicina,,,2002,spanish
UPAO,anatomy,Anatomía,2021,Fucci et al.,Biomecánica del Aparato Locomotor Aplicada al Acondicionamiento Muscular,,,1995,spanish
UPAO,anatomy,Anatomía,2021,Gardner-Gray-O'Rahilly,Anatomía,,,1998,spanish
UPAO,anatomy,Anatomía,2021,Latarjet,Anatomía Humana,,,2004,spanish
UPAO,physiology,Fisiología,2019,Hall,Guyton and Hall Textbook of Medical Physiology,6,Elsevier,2016,english
UPAO,physiology,Fisiología,2019,Costanzo,Physiology,6,Elsevier,2018,english
UPAO,physiology,Fisiología,2019,Boron & Boulpaep,Fisiología Médica,3,Elsevier,2017,spanish
UPAO,physiology,Fisiología,2019,Michael & Sircar,Fisiología Humana,1,Manual Moderno,2012,spanish
UPAO,physiology,Fisiología,2019,Lorenzo,Fisiología Médica,1,McGraw-Hill,2010,spanish
UPAO,microbiology,Microbiología,2020,Madigan et al.,Brock. Biología de los Microorganismos,14,Pearson Educación,2015,spanish
UPAO,microbiology,Microbiología,2020,Murray et al.,Microbiología Médica,8,Elsevier,2017,spanish
UPAO,microbiology,Microbiología,2020,Jawetz et al.,Microbiología Médica,27,McGraw-Hill,2016,spanish
UPAO,microbiology,Microbiología,2020,Picazo & Prieto,Compendio de Microbiología,2,Elsevier,2016,spanish
UPAO,microbiology,Microbiología,2020,Ryan & Ray,Sherris. Microbiología Médica,6,McGraw-Hill,2017,spanish
UPAO,pathology,Patología General,2020,Kumar et al.,Robbins y Cotran: Patología Estructural y Funcional,,,2012,spanish
UPAO,pathology,Patología General,2020,Rubin et al.,Rubin: Patología Estructural. Fundamentos Clinicopatológicos en Medicina,,,2006,spanish
UPAO,pathology,Patología General,2020,Perez,Principios de Patología,,,2007,spanish
UPAO,pathology,Patología General,2020,NA,NA,,NA,NA,NA
UPAO,pathology,Patología General,2020,NA,NA,,NA,NA,NA
UPAO,medicine,Medicina 1,2014,Longo et al.,Harrison's Principles of Internal Medicine,18,,2012,english
UPAO,medicine,Medicina 1,2014,Wiener et al.,Harrison. Principios de Medicina Interna,17,,2009,spanish
UPAO,medicine,Medicina 1,2014,Goldman & Ausiello,Goldman-Cecil. Tratado de Medicina Interna,23,,2009,spanish
UPAO,medicine,Medicina 1,2014,Farreras & Rozman,Medicina Interna,16,,2009,spanish
UPAO,medicine,Medicina 1,2014,Corey et al.,Manual Washington de Teraéutica Médica,33,,2010,spanish
UPAO,surgery,Cirugía 1 (Cirugía General),2011,Towsend,Sabiston Manual Del Tratado De Cirugia,16,Interamericana,2003,spanish
UPAO,surgery,Cirugía 1 (Ortopedia y Traumatología),2011,Valls et al.,Ortopedia y Traumatología,5,Ediciones Científicas Técnicas Americanas,,spanish
UPAO,surgery,Cirugía 1(Anestesiología),2011,Edward,Anestesiología Clínica,3,,2004,spanish
UPAO,surgery,Cirugía 1 (Cirugía General),2011,Brunicardi et al.,Schwartz. Principios de Cirugía,8,,,spanish
UPAO,surgery,Cirugía 1 (Ortopedia y Traumatología),2011,Vertiz,Elementos de Ortopedia y Traumatología,5,Ediciones Científicas Técnicas Americanas,,spanish
UPAO,pediatrics,Pediatría,2019,Behrman et al.,Nelson. Tratado de Pediatría,17,Interamericana,2004,spanish
UPAO,pediatrics,Pediatría,2019,Cruz,Nuevo Tratado de Pediatría,10,Oceano Ergo,2010,spanish
UPAO,pediatrics,Pediatría,2019,Schaeffer & Avery,Enfermedades del Recién Nacido,6,,2000,spanish
UPAO,pediatrics,Pediatría,2019,Gomella,Neonatología,6,McGraw-Hill,2011,spanish
UPAO,pediatrics,Pediatría,2019,Shonhaut-Berman & Assef-Ceballos,Semiología Pediátrica-Conociendo al niño sano,,Mediterráneo,2004,spanish
UPAO,ginecology,Internado Médico Rotatorio de Ginecología y Obstetricia,2020,Aller et al.,Obstetricia Moderna,3,McGraw-Hill,2012,spanish
UPAO,ginecology,Internado Médico Rotatorio de Ginecología y Obstetricia,2020,Berk & Novak,Ginecología,15,McGraw-Hill,2013,spanish
UPAO,ginecology,Internado Médico Rotatorio de Ginecología y Obstetricia,2020,Botella et al.,Tratado de Obstetricia y Ginecología,,Edit. Cient. Med.,1982,spanish
UPAO,ginecology,Internado Médico Rotatorio de Ginecología y Obstetricia,2020,Belitzky et al.,Tecnologías Perinatales,,Publicación científica CLAP,1992,spanish
UPAO,ginecology,Internado Médico Rotatorio de Ginecología y Obstetricia,2020,Serra & Mallafré,Protocolo de Obstetricia y medicina Perinatal del Instituto Dexeus,,Elsevier,2014,spanish
URP,anatomy,Anatomía,2019,Moore et al.,Moore. Anatomía con orientación clínica,7,Panamericana,2014,spanish
URP,anatomy,Anatomía,2019,Drake,Gray. Anatomía Para Estudiantes,3,Elsevier,2015,spanish
URP,anatomy,Anatomía,2019,Pró,Anatomía clínica,,Panamericana,2013,spanish
URP,anatomy,Anatomía,2019,Espinoza,Lecciones de Anatomía Humana,1,UCMP,2008,spanish
URP,anatomy,Anatomía,2019,Gilroy,Prometheus. Anatomía Manual para el estudiante,1,Panamericana,2015,spanish
URP,physiology,Fisiología,2019,Ganong,Manual de Fisiología Médica,25,Manuales Modernos,2016,spanish
URP,physiology,Fisiología,2019,Hall,Guyton y Hall. Tratado de Fisiología Médica,13,,,spanish
URP,physiology,Fisiología,2019,Tresguerres et al.,Fisiología Humana,4,Interamericana,2010,spanish
URP,physiology,Fisiología,2019,Dvorkin et al.,Best & Taylor. Bases Fisiológicas de la Práctica Médica,14,Panamericana,2010,spanish
URP,physiology,Fisiología,2019,Sherwood,Fisiología Humana,7,Cengage Learning,2011,spanish
URP,microbiology,Microbiología,2019,Murray et al.,Microbiología Médica,8,Elsevier,2016,spanish
URP,microbiology,Microbiología,2019,Jawetz et al.,Microbiología Médica,19,Manual Moderno,2007,spanish
URP,microbiology,Microbiología,2019,Bonifaz,Microbiología Básica,3,,2010,spanish
URP,microbiology,Microbiología,2019,Koneman et al.,"Diagnóstico Microbiológico, texto y atlas de color",5,Panamericana,2001,spanish
URP,microbiology,Microbiología,2019,Shors & Teri,Estudio Molecular con Orientación Clínica,1,,2009,spanish
URP,pathology,Patología General,2019,Kumar et al.,Robbins. Patología Humana,6,McGraw-Hill,1999,spanish
URP,pathology,Patología General,2019,Cotran et al.,Robbins. Patología Estructural y Funcional,,McGraw-Hill,2000,spanish
URP,pathology,Patología General,2019,Goldblum et al.,Rosai y Ackerman. Patología Quirúrgica,,,,spanish
URP,pathology,Patología General,2019,Abbas et al.,Inmunología Celular y Molceular,2,Sunders,1998,spanish
URP,pathology,Patología General,2019,Anderson,Patología,,Mosby,,spanish
URP,medicine,Medicina Interna 1 (Medicina Interna),2020,Kasper et al.,Harrison. Principios de Medicina Interna,19,McGraw-Hill,2016,spanish
URP,medicine,Medicina Interna 1 (Inmunología),2020,Roitt,Inmunología Fundamentos,,Panamericana,2003,english
URP,medicine,Medicina Interna 1 (Reumatología),2020,Firestein et al.,Kelley's Textbook of Rheumatology,8,Elsevier,2009,english
URP,medicine,Medicina Interna 1 (Cardiología),2020,O'Rourke & Walsh,Hurst's The Heart Manual of Cardiology,12,McGraw-Hill,2009,english
URP,medicine,Medicina Interna 1 (Neumología),2020,Weinberger et al.,Principles of Pulmonary Medicine,7,Elsevier,,english
URP,surgery,Cirugía 1,2020,Canale & Beaty,Campbell. Cirugía Ortopédica,11,Marban,2013,spanish
URP,surgery,Cirugía 1,2020,Wiss,Fracturas,,Marban,2009,spanish
URP,surgery,Cirugía 1,2020,Morrey & Thompson,Barrack & Rosemberg. Cadera,,Marban,2009,spanish
URP,surgery,Cirugía 1,2020,Callaghan et al.,Cadera,,Marban,2012,spanish
URP,surgery,Cirugía 1,2020,Bucholz & Heckman,Rockwood & Green's. Fracturas en el Adulto,,Marban,2007,spanish
URP,pediatrics,,,,,,,,
URP,pediatrics,,,,,,,,
URP,pediatrics,,,,,,,,
URP,pediatrics,,,,,,,,
URP,pediatrics,,,,,,,,
URP,ginecology,Ginecología y Obstetricia,2020,Cunningham et al.,Williams. Obstetricia,24,,2014,spanish
URP,ginecology,Ginecología y Obstetricia,2020,Beckmann,Obstetricia y Ginecología,6,Lippincott,2010,spanish
URP,ginecology,Ginecología y Obstetricia,2020,Usandizanga & Fuente,Obstetricia y Ginecología,,Marban,2010,spanish
URP,ginecology,Ginecología y Obstetricia,2020,Sanchez,Obstetricia,4,Mediterraneo,2011,spanish
URP,ginecology,Ginecología y Obstetricia,2020,Berek,Novak. Ginecología,15,Wolters Kluwer,2013,spanish
UPSJB,anatomy,,,,,,,,
UPSJB,anatomy,,,,,,,,
UPSJB,anatomy,,,,,,,,
UPSJB,anatomy,,,,,,,,
UPSJB,anatomy,,,,,,,,
UPSJB,physiology,,,,,,,,
UPSJB,physiology,,,,,,,,
UPSJB,physiology,,,,,,,,
UPSJB,physiology,,,,,,,,
UPSJB,physiology,,,,,,,,
UPSJB,microbiology,,,,,,,,
UPSJB,microbiology,,,,,,,,
UPSJB,microbiology,,,,,,,,
UPSJB,microbiology,,,,,,,,
UPSJB,microbiology,,,,,,,,
UPSJB,pathology,Patología General,2020,Kumar et al.,Robbins. Patología Humana,10,Elsevier,2018,spanish
UPSJB,pathology,Patología General,2020,Kumar et al.,Robbins y Cotran. Patología Estructural y Funcional,9,Elsevier,2015,spanish
UPSJB,pathology,Patología General,2020,NA,NA,,NA,NA,NA
UPSJB,pathology,Patología General,2020,NA,NA,,NA,NA,NA
UPSJB,pathology,Patología General,2020,NA,NA,,NA,NA,NA
UPSJB,medicine,,,,,,,,
UPSJB,medicine,,,,,,,,
UPSJB,medicine,,,,,,,,
UPSJB,medicine,,,,,,,,
UPSJB,medicine,,,,,,,,
UPSJB,surgery,,,,,,,,
UPSJB,surgery,,,,,,,,
UPSJB,surgery,,,,,,,,
UPSJB,surgery,,,,,,,,
UPSJB,surgery,,,,,,,,
UPSJB,pediatrics,,,,,,,,
UPSJB,pediatrics,,,,,,,,
UPSJB,pediatrics,,,,,,,,
UPSJB,pediatrics,,,,,,,,
UPSJB,pediatrics,,,,,,,,
UPSJB,ginecology,,,,,,,,
UPSJB,ginecology,,,,,,,,
UPSJB,ginecology,,,,,,,,
UPSJB,ginecology,,,,,,,,
UPSJB,ginecology,,,,,,,,
USMP,anatomy,Anatomía Humana 1,2021,Espinoza,Lecciones de Anatomía Humana,,USMP,2007,spanish
USMP,anatomy,Anatomía Humana 1,2021,Agur & Dalley,Atlas de Anatomía,,Panamericana,2006,spanish
USMP,anatomy,Anatomía Humana 1,2021,Drake,Gray. Anatomía Para Estudiantes,,Elsevier,2005,spanish
USMP,anatomy,Anatomía Humana 1,2021,Gilroy et al.,Prometheus: Texto y Atlas de Anatomía,,Panamericana,2008,spanish
USMP,anatomy,Anatomía Humana 1,2021,Latarjet & Ruiz,Anatomía Humana,,Panamericana,2005,spanish
USMP,physiology,Fisiología Humana,2021,Ropper et al.,Adams y Victor. Principios de Neurología,8,,2005,spanish
USMP,physiology,Fisiología Humana,2021,Berne & Levy,Cardiovascular Physiology,8,The Mosby Physiology,2002,english
USMP,physiology,Fisiología Humana,2021,Dvorkin et al.,Best & Taylor. Bases Fisiológicas de la Práctica Médica,14,Panamericana,2010,spanish
USMP,physiology,Fisiología Humana,2021,Barret et al.,Ganong. Fisiología Médica,23,Manual Moderno,2010,spanish
USMP,physiology,Fisiología Humana,2021,Hall,Guyton y Hall. Tratado de Fisiología Médica,12,Elsevier,2011,spanish
USMP,microbiology,Microbiología,2021,Murray et al.,Microbiología Médica,8,Elsevier,,spanish
USMP,microbiology,Microbiología,2021,NA,NA,,NA,NA,NA
USMP,microbiology,Microbiología,2021,NA,NA,,NA,NA,NA
USMP,microbiology,Microbiología,2021,NA,NA,,NA,NA,NA
USMP,microbiology,Microbiología,2021,NA,NA,,NA,NA,NA
USMP,pathology,Patología 1,2020,Kumar et al.,Patología Estructural y Funcional,9,Elsevier,2015,spanish
USMP,pathology,Patología 1,2020,Rubin & Strayer,Rubin. Patología,6,Lipincott,2012,spanish
USMP,pathology,Patología 1,2020,Stevens & Lowe,Anatomía Patológica,4,Harcourt,2003,spanish
USMP,pathology,Patología 1,2020,Abbas & Lichtman,Celular and Molecular Immunology,7,Saunders Company,2012,english
USMP,pathology,Patología 1,2020,Fauci et al.,Harrison. Principios de Medicina Interna,17,McGraw-Hill,2009,spanish
USMP,medicine,Medicina 1,2019,Argente & Alvarez,"Semología Médica, Fisiopatología, Semiotecnia y Propedéutica: Enseñanza basada en el paciente",,Panamericana,2012,spanish
USMP,medicine,Medicina 1,2019,Mazzei & Rozman,"Semiología Médica: Fisiopatología, Semiotecnia y Propedéutica",,El Ateneo,1977,spanish
USMP,medicine,Medicina 1,2019,Swash,Hutchison's. Métodos Clínicos,20,Marban,2002,spanish
USMP,medicine,Medicina 1,2019,Jinich,Síntomas y signos cardinales de las enfermedades,3,Manual Moderno,2001,spanish
USMP,medicine,Medicina 1,2019,Tierney,Historia Clínica del Paciente,,,2007,spanish
USMP,surgery,Cirugía (internado),2020,Townsend et al.,Sabiston. Tratado de cirugía: Fundamentos biológicos de la práctica quirúrgica moderna,20,Elsevier,2017,spanish
USMP,surgery,Cirugía (internado),2020,Ferraina & Oria,Cirugía de Michans,5,Ateneo,2008,spanish
USMP,surgery,Cirugía (internado),2020,Brunicardi et al.,Schwartz S. Principios de cirugía,10,McGraw-Hill,2015,spanish
USMP,surgery,Cirugía (internado),2020,Way Lawrence W.,Current surgical diagnosis and treatment,8,Manual Moderno,2003,english
USMP,surgery,Cirugía (internado),2020,American College of Surgeons,Advanced Trauma Life Support,9,Chicago,2012,english
USMP,pediatrics,Pediatría (internado),2020,Mac Donald et al.,Avery's Neonatology Pathophysiology and Management of the Newborn,7,Lippincott Williams & Wilki,2015,english
USMP,pediatrics,Pediatría (internado),2020,Paris et al.,Meneghello. Pediatría,6,Editorial Médica Panamericana,2013,spanish
USMP,pediatrics,Pediatría (internado),2020,Sociedad Española de Infectología Pediátrica,Infectología Pediátrica Avanzada,,Editorial Médica Panamericana,2014,spanish
USMP,pediatrics,Pediatría (internado),2020,Robert et al.,Nelson. Tratado de pediatría,19,Elsevier,2014,spanish
USMP,pediatrics,Pediatría (internado),2020,Gomella et al.,"Management Procedure, On-call problems, diseases and drug",7,McGraw-Hill,2013,english
USMP,ginecology,Gineco-obstetricia (internado),2020,Cunningham et al.,Williams Obstetrics,25,McGraw-Hill,2018,english
USMP,ginecology,Gineco-obstetricia (internado),2020,Sociedad Española de Ginecología y Obstetricia,Protocolos asistenciales de la Sociedad Española de Ginecología y Obstetricia,,,2010,spanish
USMP,ginecology,Gineco-obstetricia (internado),2020,Vincenzo B.,Obstetric Evidence Based Guidelines,2,Informa Healthcare UK,2012,english
USMP,ginecology,Gineco-obstetricia (internado),2020,Bereck et al.,Tratado de Ginecología,15,Lippincott Williams & Wilkins,2012,spanish
USMP,ginecology,Gineco-obstetricia (internado),2020,Sociedad Española de Ginecología y Obstetricia,Ginecología - Obstetricia y Reproducción,2,Editorial médica Panamericana,2013,spanish